County Name,Year,Mean Weighted Nonrenewal,Expected Annual Loss - Buildings,Expected Annual Loss - Total
Alameda County,2018,0.003808677541358136,6611995.23353758,6731673.5875873
Alameda County,2019,0.007209266130561625,6611995.23353758,6731673.5875873
Alameda County,2020,0.007656731287309401,6611995.23353758,6731673.5875873
Alameda County,2021,0.00683129445822028,6611995.23353758,6731673.5875873
Alameda County,2022,0.008839040408665639,6611995.23353758,6731673.5875873
Alpine County,2018,0.0238307067456652,432152.779460634,434727.079151715
Alpine County,2019,0.13660600566473924,432152.779460634,434727.079151715
Alpine County,2020,0.033941619818058676,432152.779460634,434727.079151715
Alpine County,2021,0.020886761990083123,432152.779460634,434727.079151715
Alpine County,2022,0.038180357159514886,432152.779460634,434727.079151715
Amador County,2018,0.015021120293291954,7527083.06474633,7534156.25002119
Amador County,2019,0.08587807933730558,7527083.06474633,7534156.25002119
Amador County,2020,0.05396276330146914,7527083.06474633,7534156.25002119
Amador County,2021,0.025792176204215134,7527083.06474633,7534156.25002119
Amador County,2022,0.04707675125067961,7527083.06474633,7534156.25002119
Butte County,2018,0.005897460216777839,13286252.8283708,13995195.6011457
Butte County,2019,0.015332592323892683,13286252.8283708,13995195.6011457
Butte County,2020,0.0366350088015813,13286252.8283708,13995195.6011457
Butte County,2021,0.012516263418470952,13286252.8283708,13995195.6011457
Butte County,2022,0.020933156381316133,13286252.8283708,13995195.6011457
Calaveras County,2018,0.012946527405668167,22110842.4668072,22131326.4207187
Calaveras County,2019,0.05925455207544401,22110842.4668072,22131326.4207187
Calaveras County,2020,0.06740916190626553,22110842.4668072,22131326.4207187
Calaveras County,2021,0.022825490396570048,22110842.4668072,22131326.4207187
Calaveras County,2022,0.0433237805990296,22110842.4668072,22131326.4207187
Colusa County,2018,0.005263044354108004,344549.369136609,389689.449894137
Colusa County,2019,0.007454414690225909,344549.369136609,389689.449894137
Colusa County,2020,0.01111613828472347,344549.369136609,389689.449894137
Colusa County,2021,0.010180257311728275,344549.369136609,389689.449894137
Colusa County,2022,0.01019828126695695,344549.369136609,389689.449894137
Contra Costa County,2018,0.003801146369276621,5667293.43025135,5828403.90522496
Contra Costa County,2019,0.006926723665308804,5667293.43025135,5828403.90522496
Contra Costa County,2020,0.009692435135011022,5667293.43025135,5828403.90522496
Contra Costa County,2021,0.008465346049306714,5667293.43025135,5828403.90522496
Contra Costa County,2022,0.0074565846259925595,5667293.43025135,5828403.90522496
Del Norte County,2018,0.006588826418313746,617665.856159496,621699.971326221
Del Norte County,2019,0.006910050434617729,617665.856159496,621699.971326221
Del Norte County,2020,0.008762582414714417,617665.856159496,621699.971326221
Del Norte County,2021,0.013301640737316066,617665.856159496,621699.971326221
Del Norte County,2022,0.009204386871549534,617665.856159496,621699.971326221
El Dorado County,2018,0.013656936790100454,23763506.4036116,23769350.2495688
El Dorado County,2019,0.06236117799649759,23763506.4036116,23769350.2495688
El Dorado County,2020,0.06417537223801159,23763506.4036116,23769350.2495688
El Dorado County,2021,0.017430801226170915,23763506.4036116,23769350.2495688
El Dorado County,2022,0.03183094398418972,23763506.4036116,23769350.2495688
Fresno County,2018,0.004666626059602785,11320001.9513018,11338096.3102066
Fresno County,2019,0.008697503853293442,11320001.9513018,11338096.3102066
Fresno County,2020,0.011015436623289512,11320001.9513018,11338096.3102066
Fresno County,2021,0.007710806603081563,11320001.9513018,11338096.3102066
Fresno County,2022,0.009429009509689059,11320001.9513018,11338096.3102066
Glenn County,2018,0.005054854966356703,1411097.41409669,1478604.58622335
Glenn County,2019,0.00714157077473232,1411097.41409669,1478604.58622335
Glenn County,2020,0.008281109366003776,1411097.41409669,1478604.58622335
Glenn County,2021,0.009062636828215587,1411097.41409669,1478604.58622335
Glenn County,2022,0.009048467787392978,1411097.41409669,1478604.58622335
Humboldt County,2018,0.003462944869678473,3223413.0373242,3301582.03064302
Humboldt County,2019,0.009272776210629266,3223413.0373242,3301582.03064302
Humboldt County,2020,0.007504914278939882,3223413.0373242,3301582.03064302
Humboldt County,2021,0.005792603147332454,3223413.0373242,3301582.03064302
Humboldt County,2022,0.010558501271517154,3223413.0373242,3301582.03064302
Imperial County,2018,0.005441284766935113,48677.2388477096,48762.9720944258
Imperial County,2019,0.02011197411402208,48677.2388477096,48762.9720944258
Imperial County,2020,0.02268836212981782,48677.2388477096,48762.9720944258
Imperial County,2021,0.018393514619799673,48677.2388477096,48762.9720944258
Imperial County,2022,0.017958819851595878,48677.2388477096,48762.9720944258
Inyo County,2018,0.005771452562835564,304719.257581155,305607.203448453
Inyo County,2019,0.014279163558450535,304719.257581155,305607.203448453
Inyo County,2020,0.006763864892239217,304719.257581155,305607.203448453
Inyo County,2021,0.008005952845475428,304719.257581155,305607.203448453
Inyo County,2022,0.012223648336271629,304719.257581155,305607.203448453
Kern County,2018,0.008551128973259107,27826334.816841,27849354.0983449
Kern County,2019,0.018665154116421584,27826334.816841,27849354.0983449
Kern County,2020,0.015670533626584646,27826334.816841,27849354.0983449
Kern County,2021,0.015235203763668275,27826334.816841,27849354.0983449
Kern County,2022,0.013119252907180011,27826334.816841,27849354.0983449
Kings County,2018,0.003991198278851003,69714.3533736816,69768.4823743504
Kings County,2019,0.00781965833003118,69714.3533736816,69768.4823743504
Kings County,2020,0.009854238757232377,69714.3533736816,69768.4823743504
Kings County,2021,0.008270800631721593,69714.3533736816,69768.4823743504
Kings County,2022,0.009025426275026309,69714.3533736816,69768.4823743504
Lake County,2018,0.005456655000609295,7597077.78114337,7740511.30230288
Lake County,2019,0.018231124065944473,7597077.78114337,7740511.30230288
Lake County,2020,0.0154869991890183,7597077.78114337,7740511.30230288
Lake County,2021,0.009467896334582868,7597077.78114337,7740511.30230288
Lake County,2022,0.021391308335564126,7597077.78114337,7740511.30230288
Lassen County,2018,0.008533272020922121,5229357.43388494,5296691.25072374
Lassen County,2019,0.020469974367880683,5229357.43388494,5296691.25072374
Lassen County,2020,0.02093232504176405,5229357.43388494,5296691.25072374
Lassen County,2021,0.011214845290972891,5229357.43388494,5296691.25072374
Lassen County,2022,0.0269490567850323,5229357.43388494,5296691.25072374
Los Angeles County,2018,0.008210961360214517,108580866.311809,108835471.722514
Los Angeles County,2019,0.013926556539703178,108580866.311809,108835471.722514
Los Angeles County,2020,0.013148771501622013,108580866.311809,108835471.722514
Los Angeles County,2021,0.013563470603696242,108580866.311809,108835471.722514
Los Angeles County,2022,0.013502291172184077,108580866.311809,108835471.722514
Madera County,2018,0.009868898647355382,20091662.4288017,20122138.1223208
Madera County,2019,0.03366761473046366,20091662.4288017,20122138.1223208
Madera County,2020,0.020403962237754304,20091662.4288017,20122138.1223208
Madera County,2021,0.015328751689842223,20091662.4288017,20122138.1223208
Madera County,2022,0.01686424898558479,20091662.4288017,20122138.1223208
Marin County,2018,0.003749361554639061,2435598.94409626,2436547.50665888
Marin County,2019,0.008365521108202625,2435598.94409626,2436547.50665888
Marin County,2020,0.01002525002984967,2435598.94409626,2436547.50665888
Marin County,2021,0.0076998567500952625,2435598.94409626,2436547.50665888
Marin County,2022,0.007880096829936973,2435598.94409626,2436547.50665888
Mariposa County,2018,0.01574362543660601,12261638.432524,12286829.6834334
Mariposa County,2019,0.05742693648074775,12261638.432524,12286829.6834334
Mariposa County,2020,0.047044736015536784,12261638.432524,12286829.6834334
Mariposa County,2021,0.020497154755001225,12261638.432524,12286829.6834334
Mariposa County,2022,0.0458672249602304,12261638.432524,12286829.6834334
Mendocino County,2018,0.003013603700976993,5641942.99250433,5758717.14156726
Mendocino County,2019,0.011514386410102821,5641942.99250433,5758717.14156726
Mendocino County,2020,0.014563528117624232,5641942.99250433,5758717.14156726
Mendocino County,2021,0.010484942628042879,5641942.99250433,5758717.14156726
Mendocino County,2022,0.02340231188375379,5641942.99250433,5758717.14156726
Merced County,2018,0.004022508891734916,1018724.96269137,1019735.99650486
Merced County,2019,0.007577245690309628,1018724.96269137,1019735.99650486
Merced County,2020,0.008408308556217305,1018724.96269137,1019735.99650486
Merced County,2021,0.007771082740119254,1018724.96269137,1019735.99650486
Merced County,2022,0.007684860177149239,1018724.96269137,1019735.99650486
Modoc County,2018,0.0044230317946618155,1259271.15626076,1285721.8393403
Modoc County,2019,0.010468705231281891,1259271.15626076,1285721.8393403
Modoc County,2020,0.00817792361147235,1259271.15626076,1285721.8393403
Modoc County,2021,0.010293183294469287,1259271.15626076,1285721.8393403
Modoc County,2022,0.017473590805028687,1259271.15626076,1285721.8393403
Mono County,2018,0.004290317727650778,1420518.68650431,1424317.35845131
Mono County,2019,0.009592447025696761,1420518.68650431,1424317.35845131
Mono County,2020,0.012457028676298052,1420518.68650431,1424317.35845131
Mono County,2021,0.020160953850231946,1420518.68650431,1424317.35845131
Mono County,2022,0.032954348320289595,1420518.68650431,1424317.35845131
Monterey County,2018,0.00440942272045008,7790929.87821146,7834254.81895703
Monterey County,2019,0.008658179045304977,7790929.87821146,7834254.81895703
Monterey County,2020,0.011485565908365525,7790929.87821146,7834254.81895703
Monterey County,2021,0.01178681225169384,7790929.87821146,7834254.81895703
Monterey County,2022,0.010110959233933016,7790929.87821146,7834254.81895703
Napa County,2018,0.004582470231962682,4105912.22894313,4110262.25739396
Napa County,2019,0.010180087899872797,4105912.22894313,4110262.25739396
Napa County,2020,0.007439428386102354,4105912.22894313,4110262.25739396
Napa County,2021,0.011511391951487588,4105912.22894313,4110262.25739396
Napa County,2022,0.016054255898147508,4105912.22894313,4110262.25739396
Nevada County,2018,0.024349244707073905,13094757.4454528,13101269.374395
Nevada County,2019,0.12223166985106843,13094757.4454528,13101269.374395
Nevada County,2020,0.06778461067691538,13094757.4454528,13101269.374395
Nevada County,2021,0.029596149798649884,13094757.4454528,13101269.374395
Nevada County,2022,0.04706795861485298,13094757.4454528,13101269.374395
Orange County,2018,0.008122232015756495,49416324.0638036,49545002.5810205
Orange County,2019,0.014024098674041795,49416324.0638036,49545002.5810205
Orange County,2020,0.012924204056820961,49416324.0638036,49545002.5810205
Orange County,2021,0.012469549998750067,49416324.0638036,49545002.5810205
Orange County,2022,0.011384383157481835,49416324.0638036,49545002.5810205
Placer County,2018,0.00810396993330933,12592531.6574493,12598434.5030377
Placer County,2019,0.030420013873698474,12592531.6574493,12598434.5030377
Placer County,2020,0.03130347617556174,12592531.6574493,12598434.5030377
Placer County,2021,0.012115243166472122,12592531.6574493,12598434.5030377
Placer County,2022,0.015426919301033295,12592531.6574493,12598434.5030377
Plumas County,2018,0.011407251803473226,7793852.70082354,7840595.2790024
Plumas County,2019,0.033100496995938804,7793852.70082354,7840595.2790024
Plumas County,2020,0.02594593496320316,7793852.70082354,7840595.2790024
Plumas County,2021,0.017949257309625474,7793852.70082354,7840595.2790024
Plumas County,2022,0.035819149498464674,7793852.70082354,7840595.2790024
Riverside County,2018,0.010782571230357968,318822120.464232,319123715.997152
Riverside County,2019,0.035129091461049915,318822120.464232,319123715.997152
Riverside County,2020,0.028436133976600608,318822120.464232,319123715.997152
Riverside County,2021,0.020854805579968154,318822120.464232,319123715.997152
Riverside County,2022,0.016910556130512823,318822120.464232,319123715.997152
Sacramento County,2018,0.005581256981098164,2891853.39563645,2892735.3118542
Sacramento County,2019,0.006877597599003607,2891853.39563645,2892735.3118542
Sacramento County,2020,0.008140488131009834,2891853.39563645,2892735.3118542
Sacramento County,2021,0.008720298241029179,2891853.39563645,2892735.3118542
Sacramento County,2022,0.00893673879828293,2891853.39563645,2892735.3118542
San Benito County,2018,0.004787049584523382,3308767.73055296,3315152.64946976
San Benito County,2019,0.009701227622343546,3308767.73055296,3315152.64946976
San Benito County,2020,0.01459528206534501,3308767.73055296,3315152.64946976
San Benito County,2021,0.012934259058656517,3308767.73055296,3315152.64946976
San Benito County,2022,0.010837847433203568,3308767.73055296,3315152.64946976
San Bernardino County,2018,0.012510975116287038,134259834.390478,134371345.666432
San Bernardino County,2019,0.025516475376647262,134259834.390478,134371345.666432
San Bernardino County,2020,0.020307832135400387,134259834.390478,134371345.666432
San Bernardino County,2021,0.020934008999695025,134259834.390478,134371345.666432
San Bernardino County,2022,0.018819861515297538,134259834.390478,134371345.666432
San Diego County,2018,0.008350655450443533,380981471.444378,381629724.437868
San Diego County,2019,0.022967284978367124,380981471.444378,381629724.437868
San Diego County,2020,0.01608829286341161,380981471.444378,381629724.437868
San Diego County,2021,0.014478859416362058,380981471.444378,381629724.437868
San Diego County,2022,0.014624946602659252,380981471.444378,381629724.437868
San Francisco County,2018,0.004921429699890231,10740.2095419624,10745.8930165867
San Francisco County,2019,0.005909550358415199,10740.2095419624,10745.8930165867
San Francisco County,2020,0.005203960053929527,10740.2095419624,10745.8930165867
San Francisco County,2021,0.008554277903709691,10740.2095419624,10745.8930165867
San Francisco County,2022,0.00715176108938217,10740.2095419624,10745.8930165867
San Joaquin County,2018,0.005301636048424375,746430.476196842,761009.795825909
San Joaquin County,2019,0.00884294546894902,746430.476196842,761009.795825909
San Joaquin County,2020,0.00954423953045831,746430.476196842,761009.795825909
San Joaquin County,2021,0.009541172601486177,746430.476196842,761009.795825909
San Joaquin County,2022,0.010353067366993459,746430.476196842,761009.795825909
San Luis Obispo County,2018,0.0074022548905450574,9693361.69516129,9706412.88157741
San Luis Obispo County,2019,0.01385973672903258,9693361.69516129,9706412.88157741
San Luis Obispo County,2020,0.013505750795261874,9693361.69516129,9706412.88157741
San Luis Obispo County,2021,0.011275996165341355,9693361.69516129,9706412.88157741
San Luis Obispo County,2022,0.010969316600055633,9693361.69516129,9706412.88157741
San Mateo County,2018,0.0025211337810935705,2377162.12654309,2378013.99922058
San Mateo County,2019,0.005992992472620674,2377162.12654309,2378013.99922058
San Mateo County,2020,0.005918180764691587,2377162.12654309,2378013.99922058
San Mateo County,2021,0.006022158966544288,2377162.12654309,2378013.99922058
San Mateo County,2022,0.005828719292963046,2377162.12654309,2378013.99922058
Santa Barbara County,2018,0.007526227939347523,23751067.0889176,23953368.5504315
Santa Barbara County,2019,0.015966654623099496,23751067.0889176,23953368.5504315
Santa Barbara County,2020,0.022988554411382367,23751067.0889176,23953368.5504315
Santa Barbara County,2021,0.015430667385349206,23751067.0889176,23953368.5504315
Santa Barbara County,2022,0.014882089949449964,23751067.0889176,23953368.5504315
Santa Clara County,2018,0.0035753620993879214,8425026.74890918,8439204.34788661
Santa Clara County,2019,0.006895874742392006,8425026.74890918,8439204.34788661
Santa Clara County,2020,0.006740357330514847,8425026.74890918,8439204.34788661
Santa Clara County,2021,0.006277895760325569,8425026.74890918,8439204.34788661
Santa Clara County,2022,0.007163967088212493,8425026.74890918,8439204.34788661
Santa Cruz County,2018,0.0036774384187293523,10005772.3065098,10020498.5978645
Santa Cruz County,2019,0.01492007508359589,10005772.3065098,10020498.5978645
Santa Cruz County,2020,0.030105160818784598,10005772.3065098,10020498.5978645
Santa Cruz County,2021,0.018801417957635812,10005772.3065098,10020498.5978645
Santa Cruz County,2022,0.013748828483948622,10005772.3065098,10020498.5978645
Shasta County,2018,0.004173322238521638,16622580.8603179,16954241.3405721
Shasta County,2019,0.02005607904466024,16622580.8603179,16954241.3405721
Shasta County,2020,0.024299424776587173,16622580.8603179,16954241.3405721
Shasta County,2021,0.010632452815398506,16622580.8603179,16954241.3405721
Shasta County,2022,0.023392482126255436,16622580.8603179,16954241.3405721
Sierra County,2018,0.0111364484082649,1880219.97158307,1902360.0812175
Sierra County,2019,0.05366002861548512,1880219.97158307,1902360.0812175
Sierra County,2020,0.02934578776951846,1880219.97158307,1902360.0812175
Sierra County,2021,0.017363502908396302,1880219.97158307,1902360.0812175
Sierra County,2022,0.03607163186829676,1880219.97158307,1902360.0812175
Siskiyou County,2018,0.004789758375273457,8876992.00122375,8898098.95878379
Siskiyou County,2019,0.014879849209094766,8876992.00122375,8898098.95878379
Siskiyou County,2020,0.016621076153301443,8876992.00122375,8898098.95878379
Siskiyou County,2021,0.010921672074591111,8876992.00122375,8898098.95878379
Siskiyou County,2022,0.014418233417135192,8876992.00122375,8898098.95878379
Solano County,2018,0.00416130654117889,1519591.95428429,1519934.77913365
Solano County,2019,0.006282834429330012,1519591.95428429,1519934.77913365
Solano County,2020,0.006467075568307087,1519591.95428429,1519934.77913365
Solano County,2021,0.0068066731021008235,1519591.95428429,1519934.77913365
Solano County,2022,0.007137141382348806,1519591.95428429,1519934.77913365
Sonoma County,2018,0.0030781615334300144,16955004.8415022,16959526.117519
Sonoma County,2019,0.007801008529304722,16955004.8415022,16959526.117519
Sonoma County,2020,0.007913048089444095,16955004.8415022,16959526.117519
Sonoma County,2021,0.011447248359400954,16955004.8415022,16959526.117519
Sonoma County,2022,0.011870054466221908,16955004.8415022,16959526.117519
Stanislaus County,2018,0.004598731069546141,2832502.18747833,2835634.78137284
Stanislaus County,2019,0.0074279406865353954,2832502.18747833,2835634.78137284
Stanislaus County,2020,0.008483249544072518,2832502.18747833,2835634.78137284
Stanislaus County,2021,0.008362606159398918,2832502.18747833,2835634.78137284
Stanislaus County,2022,0.00777527423580602,2832502.18747833,2835634.78137284
Sutter County,2018,0.00517307483413105,95633.3516666954,102301.20314752
Sutter County,2019,0.0063279017681315145,95633.3516666954,102301.20314752
Sutter County,2020,0.006358895286074125,95633.3516666954,102301.20314752
Sutter County,2021,0.0059181967025037415,95633.3516666954,102301.20314752
Sutter County,2022,0.006058750020477142,95633.3516666954,102301.20314752
Tehama County,2018,0.005803646114155527,6414941.32291048,7184586.42913287
Tehama County,2019,0.016803059607401007,6414941.32291048,7184586.42913287
Tehama County,2020,0.014948745992900699,6414941.32291048,7184586.42913287
Tehama County,2021,0.010378936006024025,6414941.32291048,7184586.42913287
Tehama County,2022,0.016968661853822585,6414941.32291048,7184586.42913287
Trinity County,2018,0.00526273426882042,4632624.53140615,5035514.38806796
Trinity County,2019,0.015629250086813425,4632624.53140615,5035514.38806796
Trinity County,2020,0.019621481369762637,4632624.53140615,5035514.38806796
Trinity County,2021,0.006605117289406116,4632624.53140615,5035514.38806796
Trinity County,2022,0.024477021704717477,4632624.53140615,5035514.38806796
Tulare County,2018,0.007404247458485056,6142321.61112516,6151929.75073131
Tulare County,2019,0.015669138170672867,6142321.61112516,6151929.75073131
Tulare County,2020,0.014329721170409006,6142321.61112516,6151929.75073131
Tulare County,2021,0.013133334978271984,6142321.61112516,6151929.75073131
Tulare County,2022,0.012876902581502194,6142321.61112516,6151929.75073131
Tuolumne County,2018,0.027697532030793053,20685507.9704626,20696317.3095812
Tuolumne County,2019,0.111080651282225,20685507.9704626,20696317.3095812
Tuolumne County,2020,0.07099429251666416,20685507.9704626,20696317.3095812
Tuolumne County,2021,0.02191486608283044,20685507.9704626,20696317.3095812
Tuolumne County,2022,0.04816854560408598,20685507.9704626,20696317.3095812
Ventura County,2018,0.008508055707583308,48240617.7700509,48353566.6107895
Ventura County,2019,0.014078609438438144,48240617.7700509,48353566.6107895
Ventura County,2020,0.0202303509459429,48240617.7700509,48353566.6107895
Ventura County,2021,0.017042840371541475,48240617.7700509,48353566.6107895
Ventura County,2022,0.014727631994958478,48240617.7700509,48353566.6107895
Yolo County,2018,0.0039663633987275645,348407.913759439,372665.533093665
Yolo County,2019,0.00495441917493386,348407.913759439,372665.533093665
Yolo County,2020,0.006521348418052203,348407.913759439,372665.533093665
Yolo County,2021,0.006014404724374272,348407.913759439,372665.533093665
Yolo County,2022,0.006095678625755035,348407.913759439,372665.533093665
Yuba County,2018,0.007355378205204301,3198555.78433906,3211649.81545738
Yuba County,2019,0.0218103449249717,3198555.78433906,3211649.81545738
Yuba County,2020,0.020873685784797195,3198555.78433906,3211649.81545738
Yuba County,2021,0.012387769331807165,3198555.78433906,3211649.81545738
Yuba County,2022,0.015972006619873996,3198555.78433906,3211649.81545738
